Geo,Year,AutoMeanAge,LtTrkMeanAge
AAMPO,2010,11.83120495,12.95598548
AAMPO,2040,12.7075905,13.999
