Geo,Year,FuelCost.2005,PowerCost.2005
AAMPO,2010,2.249049777,0.08
AAMPO,2040,2.377951635,0.143315281
