Year,ComSvcLtTrkProp
2010,0.763992475
2040,0.788500201
